<?xml version="1.0" encoding="UTF-8"?>
<WaterData>
  <WaterQuads>
    <Item>
      <minX value="-4000" />
      <maxX value="4500" />
      <minY value="-4000" />
      <maxY value="8000" />
      <Type value="0" />
      <IsInvisible value="false" />
      <HasLimitedDepth value="false" />
      <z value="25.0" />
      <a1 value="26" />
      <a2 value="26" />
      <a3 value="26" />
      <a4 value="26" />
      <NoStencil value="false" />
    </Item>
  </WaterQuads>
  <CalmingQuads>
    <!-- Uncomment and adjust if needed -->
    <!-- <Item>
      <minX value="-4000" />
      <maxX value="4500" />
      <minY value="-4000" />
      <maxY value="8000" />
      <fDampening value="0.0" />
    </Item> -->
  </CalmingQuads>
  <WaveQuads>
    <Item>
      <minX value="-4000" />
      <maxX value="4500" />
      <minY value="-4000" />
      <maxY value="8000" />
      <Amplitude value="20.0" />
      <XDirection value="0.9" />
      <YDirection value="0.5" />
    </Item>
    <Item>
      <minX value="-4000" />
      <maxX value="4500" />
      <minY value="-4000" />
      <maxY value="8000" />
      <Amplitude value="15.0" />
      <XDirection value="-0.7" />
      <YDirection value="0.7" />
    </Item>
    <Item>
      <minX value="-4000" />
      <maxX value="4500" />
      <minY value="-4000" />
      <maxY value="8000" />
      <Amplitude value="25.0" />
      <XDirection value="0.2" />
      <YDirection value="-0.9" />
    </Item>
  </WaveQuads>
</WaterData>
